{"_timestamp":1.779301828064606e+09,"train/grad_norm":3.44762856464321,"train/entropy":1.14326171875,"_wandb":{"runtime":1960},"_step":6,"train/mean_token_accuracy":0.731679093837738,"train/epoch":0.0019333011116481392,"train/num_tokens":352703,"train/loss":1.177,"_runtime":1960,"train/learning_rate":1.4166666666666667e-06,"train/global_step":35}